{
  "task": "regression",
  "best_model": "xgboost",
  "models": [
    {
      "name": "ridge",
      "cv_score": 1.1521250628283064,
      "cv_std": 0.005914070113326374,
      "test_metrics": {
        "mae": 0.8885263900608225,
        "rmse": 1.129520354380361,
        "r2": 0.5045731315403383
      }
    },
    {
      "name": "xgboost",
      "cv_score": 0.953274705348384,
      "cv_std": 0.007710735807265612,
      "test_metrics": {
        "mae": 0.7347900679470064,
        "rmse": 0.9364253102287473,
        "r2": 0.6594838455885756
      }
    }
  ]
}