{
  "task": "regression",
  "best_model": "xgboost",
  "models": [
    {
      "name": "ridge",
      "cv_score": 1.1521250628283064,
      "cv_std": 0.005914070113326374,
      "test_metrics": {
        "mae": 0.8885263900608225,
        "rmse": 1.129520354380361,
        "r2": 0.5045731315403383
      }
    },
    {
      "name": "xgboost",
      "cv_score": 0.9705690705664359,
      "cv_std": 0.00929517431952628,
      "test_metrics": {
        "mae": 0.7426609372935279,
        "rmse": 0.9513108392484563,
        "r2": 0.6485720304648919
      }
    }
  ]
}